sample_ms,temperature_c,humidity_percent,label
0,12.0,0.0,poor
5000,12.0,19.0,poor
10000,12.0,25.0,poor
15000,12.0,30.5,poor
20000,12.0,45.0,poor
25000,12.0,60.0,poor
30000,12.0,67.5,poor
35000,12.0,71.0,poor
40000,12.0,90.0,poor
45000,14.0,10.0,poor
50000,14.0,20.5,poor
55000,14.0,29.0,poor
60000,14.0,32.5,poor
65000,14.0,55.0,poor
70000,14.0,61.0,poor
75000,14.0,69.5,poor
80000,14.0,75.0,poor
85000,14.0,100.0,poor
90000,16.0,17.5,poor
95000,16.0,22.5,poor
100000,16.0,30.0,poor
105000,16.0,40.0,poor
110000,16.0,59.5,poor
115000,16.0,65.0,poor
120000,16.0,70.5,poor
125000,16.0,85.0,poor
130000,16.5,5.0,poor
135000,16.5,20.0,poor
140000,16.5,27.5,poor
145000,16.5,31.0,poor
150000,16.5,50.0,poor
155000,16.5,60.5,poor
160000,16.5,69.0,poor
165000,16.5,72.5,poor
170000,16.5,95.0,poor
175000,16.8,15.0,poor
180000,16.8,21.0,poor
185000,16.8,29.5,poor
190000,16.8,35.0,poor
195000,16.8,59.0,poor
200000,16.8,62.5,poor
205000,16.8,70.0,poor
210000,16.8,80.0,poor
215000,16.9,0.0,poor
220000,16.9,19.0,poor
225000,16.9,25.0,poor
230000,16.9,30.5,poor
235000,16.9,45.0,poor
240000,16.9,60.0,poor
245000,16.9,67.5,poor
250000,16.9,70.5,poor
255000,16.9,85.0,poor
260000,17.0,5.0,poor
265000,17.0,70.5,poor
270000,17.0,85.0,poor
275000,17.1,5.0,poor
280000,17.1,70.5,poor
285000,17.1,85.0,poor
290000,17.2,5.0,poor
295000,17.2,70.5,poor
300000,17.2,85.0,poor
305000,17.5,5.0,poor
310000,17.5,70.5,poor
315000,17.5,85.0,poor
320000,18.0,5.0,poor
325000,18.0,70.5,poor
330000,18.0,85.0,poor
335000,18.5,5.0,poor
340000,18.5,70.5,poor
345000,18.5,85.0,poor
350000,18.8,5.0,poor
355000,18.8,70.5,poor
360000,18.8,85.0,poor
365000,18.9,5.0,poor
370000,18.9,70.5,poor
375000,18.9,85.0,poor
380000,19.0,5.0,poor
385000,19.0,70.5,poor
390000,19.0,85.0,poor
395000,19.1,5.0,poor
400000,19.1,70.5,poor
405000,19.1,85.0,poor
410000,19.2,5.0,poor
415000,19.2,70.5,poor
420000,19.2,85.0,poor
425000,19.5,5.0,poor
430000,19.5,70.5,poor
435000,19.5,85.0,poor
440000,20.0,5.0,poor
445000,20.0,70.5,poor
450000,20.0,85.0,poor
455000,21.0,5.0,poor
460000,21.0,70.5,poor
465000,21.0,85.0,poor
470000,22.0,5.0,poor
475000,22.0,70.5,poor
480000,22.0,85.0,poor
485000,23.0,5.0,poor
490000,23.0,70.5,poor
495000,23.0,85.0,poor
500000,24.0,5.0,poor
505000,24.0,70.5,poor
510000,24.0,85.0,poor
515000,24.5,5.0,poor
520000,24.5,70.5,poor
525000,24.5,85.0,poor
530000,24.8,5.0,poor
535000,24.8,70.5,poor
540000,24.8,85.0,poor
545000,24.9,5.0,poor
550000,24.9,70.5,poor
555000,24.9,85.0,poor
560000,25.0,5.0,poor
565000,25.0,70.5,poor
570000,25.0,85.0,poor
575000,25.1,5.0,poor
580000,25.1,70.5,poor
585000,25.1,85.0,poor
590000,25.2,5.0,poor
595000,25.2,70.5,poor
600000,25.2,85.0,poor
605000,25.5,5.0,poor
610000,25.5,70.5,poor
615000,25.5,85.0,poor
620000,26.0,5.0,poor
625000,26.0,70.5,poor
630000,26.0,85.0,poor
635000,26.5,5.0,poor
640000,26.5,70.5,poor
645000,26.5,85.0,poor
650000,26.8,5.0,poor
655000,26.8,70.5,poor
660000,26.8,85.0,poor
665000,26.9,5.0,poor
670000,26.9,70.5,poor
675000,26.9,85.0,poor
680000,27.0,5.0,poor
685000,27.0,70.5,poor
690000,27.0,85.0,poor
695000,27.1,5.0,poor
700000,27.1,20.0,poor
705000,27.1,27.5,poor
710000,27.1,31.0,poor
715000,27.1,50.0,poor
720000,27.1,60.5,poor
725000,27.1,69.0,poor
730000,27.1,72.5,poor
735000,27.1,95.0,poor
740000,27.2,15.0,poor
745000,27.2,21.0,poor
750000,27.2,29.0,poor
755000,27.2,32.5,poor
760000,27.2,55.0,poor
765000,27.2,61.0,poor
770000,27.2,69.5,poor
775000,27.2,75.0,poor
780000,27.2,100.0,poor
785000,27.5,17.5,poor
790000,27.5,22.5,poor
795000,27.5,30.0,poor
800000,27.5,40.0,poor
805000,27.5,59.5,poor
810000,27.5,65.0,poor
815000,27.5,70.5,poor
820000,27.5,85.0,poor
825000,28.0,5.0,poor
830000,28.0,20.0,poor
835000,28.0,27.5,poor
840000,28.0,31.0,poor
845000,28.0,50.0,poor
850000,28.0,60.5,poor
855000,28.0,69.0,poor
860000,28.0,72.5,poor
865000,28.0,95.0,poor
870000,29.0,15.0,poor
875000,29.0,21.0,poor
880000,29.0,29.5,poor
885000,29.0,35.0,poor
890000,29.0,59.0,poor
895000,29.0,62.5,poor
900000,29.0,70.0,poor
905000,29.0,80.0,poor
910000,30.0,0.0,poor
915000,30.0,19.0,poor
920000,30.0,25.0,poor
925000,30.0,30.5,poor
930000,30.0,45.0,poor
935000,30.0,60.0,poor
940000,30.0,67.5,poor
945000,30.0,71.0,poor
950000,30.0,90.0,poor
955000,32.0,10.0,poor
960000,32.0,20.5,poor
965000,32.0,29.0,poor
970000,32.0,32.5,poor
975000,32.0,55.0,poor
980000,32.0,61.0,poor
985000,32.0,69.5,poor
990000,32.0,75.0,poor
995000,32.0,100.0,poor
